reading,cls,bar,group,n,mean_k2_k7,n_none,share_none
headline,C1,Construction paper,,17,1.588235294117647,2,0.11764705882352941
headline,C2,Repair papers,,57,1.7017543859649122,4,0.07017543859649122
headline,C3,Before June 2024,pre,27,1.0740740740740742,6,0.2222222222222222
headline,C3,After June 2024,post,49,1.0408163265306123,10,0.20408163265306123
headline,C4,Leaderboard post,,2,1.5,0,0.0
headline,C5,Governance syntheses,,17,0.47058823529411764,11,0.6470588235294118
printed,C1,Construction paper,,9,1.3333333333333333,2,0.2222222222222222
printed,C2,Repair papers,,44,1.7045454545454546,2,0.045454545454545456
printed,C3,Before June 2024,pre,24,1.125,5,0.20833333333333334
printed,C3,After June 2024,post,46,1.0,10,0.21739130434782608
printed,C4,Leaderboard post,,2,1.5,0,0.0
printed,C5,Governance syntheses,,13,0.46153846153846156,9,0.6923076923076923
all_rows,C1,Construction paper,,20,1.55,2,0.1
all_rows,C2,Repair papers,,63,1.7142857142857142,4,0.06349206349206349
all_rows,C3,Before June 2024,pre,30,1.0333333333333334,8,0.26666666666666666
all_rows,C3,After June 2024,post,53,1.0754716981132075,10,0.18867924528301888
all_rows,C4,Leaderboard post,,3,1.3333333333333333,0,0.0
all_rows,C5,Governance syntheses,,23,0.6086956521739131,13,0.5652173913043478
