reading,row,count,of
headline (plotted): events that report a model's score,Repaired variant printed at the same event,19,28
headline (plotted): events that report a model's score,Item-error qualification attached,0,28
headline (plotted): events that report a model's score,No qualification at all,7,28
printed only (not plotted),Repaired variant printed at the same event,19,25
printed only (not plotted),Item-error qualification attached,0,25
printed only (not plotted),No qualification at all,7,25
all coded rows (not plotted),Repaired variant printed at the same event,22,32
all coded rows (not plotted),Item-error qualification attached,2,32
all coded rows (not plotted),No qualification at all,7,32
